{"ONTbWkamKVJqkdo1Yu3RIQ==":"logo1-210x82.png","G7XefQY+lolkOZ8lw3O1rg==":"icon-39x23.png","ihlkf69UyfSmhSyJ1Jvc6w==":"jumbotron.jpg","5LmCVFxqWLpG0MybBBvd+A==":"mbr-1842x1080.jpg","LXNyTD5x3tmVw5JHe8+oPA==":"mbr-6-1620x1080.jpg","rSN+UDFVo0LhUyvja20wbA==":"mbr-1620x1080.jpg","dzHaQzKI6bEnsW7lcB1esQ==":"mbr-7-1620x1080.jpg","Yv5rUsKxp5GuxO5uF1kp2Q==":"logo-122x41.png","107sm8d6F17PLSHAW5lNLw==":"logo1-1-210x82.png","HSleFIPdf57eghmgMRjyyQ==":"logo1-122x48.png","MGm/tNLPOGOBNxe74dk/rQ==":"mbr-1-1620x1080.jpg","w+HkzkcNRxcijVa4YYCQFA==":"mbr-2-1620x1080.jpg","+lkeqV01h5sGYXPygUtVPw==":"mbr-1080x1080.jpg","iyVxMANGzeKUOKuzdAcgFA==":"mbr-1440x1080.jpg","4/pEvNS0LJ0liZJF3HSNsQ==":"mbr-720x1080.jpg","UOfZ6HIAW2nG6dpmykrgVw==":"mbr-1-720x1080.jpg","jVc0i+WIcmcOG36xgynGQA==":"mbr-3-1620x1080.jpg","WKFJbjQ8qSA7fq4LB0vaBg==":"mbr-4-1620x1080.jpg","hmZhe05YzW7teCu+DH6aSQ==":"mbr-5-1620x1080.jpg","AohTDsbOpL52/UfD/Ownhw==":"owner2-200x186.jpg","IBeLL53gV6GPXfkOIJN4yQ==":"owner1-200x199.jpg","ZjJkFXO0mbgk2WhrJPWtYQ==":"brth-sr-275x110.jpg","Rg8K3SH/B7PkLra/qG/1lw==":"anversry-275x110.jpg","LHGT83zGvA71RAmTTeoWeg==":"private-party-500x270.jpg","VLeZogr1XRZ0fdGIyZeugQ==":"corp-275x110.jpg","7CHDC0Gzs4jGZ584cpiaPg==":"ring-cermny-275x110.jpg","btbmNPjjnx3XoZnd/suU9Q==":"wdng-prty-275x110.jpg","HfKJMa/1VuaJaomb4GbExg==":"mbr-864x1080.jpg","t/gO9lRDsgq0QnNs1w9MTA==":"mbr-2-720x1080.jpg","eM3KMc7hgKgUVIS9+eI30w==":"mbr-1618x1080.jpg","Z7WXreFSo7bj7W2GjxafmQ==":"mbr-8-1620x1080.jpg","UfluKlllkKzqpYXv50RETg==":"mbr-1557x1080.jpg","NmwLN++g9tw2ZtkJ05FjQg==":"owner2-1-200x186.jpg","jxR9OjG6DUSdFJR4CDXAIQ==":"mbr-9-1620x1080.jpg","UhRzDCdU6VijKCd0gKCqpw==":"owner1-1-200x199.jpg","px4CwVmj7oxWlNAlfvnHeQ==":"am_cat-1364782670-627x375.jpg","eKIoXzvFg3Dw6iImsM8DYQ==":"am_cat-1364782945-450x300.jpg","eMQ1YVqgGid/t1CWlT4AFA==":"am_cat-1364783667-255x190.jpg"}